iata	aliases
AAC	엘 아리시 국제공항
ABJ	펠릭스 우푸에부아니 국제공항
ABQ	커틀랜드 공군기지 앨버커키 국제공항
ABV	은남디 아지키웨 국제공항
ABZ	애버딘 공항
ACC	코토카 국제공항
ACE	란사로테 공항
ACH	장크트갈렌-알텐라인 공항
ACY	애틀랜틱시티 국제공항
ADB	이즈미르 아드난 멘데레스 공항
ADD	볼레 국제공항
ADE	아덴 국제공항
ADL	애들레이드 공항
AEP	호르헤 뉴베리 공항
AER	소치 국제공항
AGP	말라가 코스타델솔 공항
AJA	아작시오 나폴레옹 보나파르트 공항
AJL	렝푸이 공항
AKJ	아사히카와 공항
AKL	오클랜드 오클랜드 국제공항
ALA	알마티 국제공항
ALB	올버니 국제공항
ALC	알리칸테 엘체 공항
ALG	우아리 부메디엔 공항
ALP	알레포 국제공항
AMD	사다르 발라바이 파텔 국제공항
AMM	퀸 알리아 국제공항
AMS	암스테르담 스히폴 국제공항
ANC	앵커리지 공항
ANR	앤트워프 국제공항
AOJ	아오모리 공항
APW	팔레올로 국제공항
ARN	스톡홀름 스톡홀름 알란다 공항
ASB	아시가바트 공항
ASJ	아마미 공항
ASM	아스마라 국제공항
ASP	앨리스 스프링스 공항
ASR	에르킬레트 공항
ASU	실비오 페티로시 국제공항
ATH	아테네 아테네 국제공항
ATL	애틀랜타 하츠필드 잭슨 애틀랜타 국제공항
ATQ	스리 구루 람 다스 지 국제공항
ATY	워터타운 지역공항
AUA	퀸 베아트릭스 국제공항
AUH	아부다비 아부다비 국제공항
AUS	오스틴 버그스트롬 국제공항
AVV	아발론 공항
AXF	아라산 좌기 바옌하오터 공항
AXJ	아마쿠사 비행장
AXT	아키타 공항
AYT	안탈리아 공항
BAH	바레인 국제공항
BAL	바트만 공항
BBU	아우렐블라이쿠 국제공항
BCD	바콜로드 실라이 국제공항
BCN	바르셀로나 바르셀로나 엘프라트 공항
BDA	L.F. 웨이드 국제공항
BDL	브래들리 국제공항
BEG	베오그라드 국제공항
BEJ	누산타라 국제공항
BER	베를린 브란덴부르크 공항
BES	브레스트 브르타뉴 공항
BEY	베이루트 라픽 국제공항
BFN	블룸폰테인 국제공항
BFS	벨파스트 국제공항
BFV	부리람 공항
BGF	방기 음포코 국제공항
BGI	그랜틀리 애덤스 국제공항
BGO	베르겐 공항
BGR	뱅고어 국제공항
BGW	바그다드 국제공항
BGY	오리오알세리오 국제공항
BHD	조지 베스트 벨파스트 시티 공항
BHX	버밍엄 공항
BIO	빌바오 공항
BJL	반줄 국제공항
BJM	부줌부라 국제공항
BJX	바히오 국제공항
BKI	코타키나발루 국제공항
BKK	방콕 수완나품 수완나품 국제공항
BKO	모디보 케이타 국제공항
BLJ	무스테파 벤 불레이드 공항
BLL	빌룬 공항
BLQ	볼로냐 굴리엘모 마르코니 공항
BLR	벵갈루루 국제공항
BLV	스콧 공군기지
BMA	스톡홀름 브롬마 국제공항
BMV	부온마투옷 공항
BNA	내슈빌 국제공항
BNE	브리즈번 브리즈번 공항
BNK	바닐라 바이론 공항
BNN	Brønnøysund 공항, Brønnøy
BNX	바냐루카 국제공항
BOB	보라보라 공항
BOD	보르도 메리냐크 공항
BOG	엘도라도 국제공항
BOH	본머스 공항
BOI	보이시 공항
BOJ	부르가스 공항
BOM	차트라파티 시바지 국제공항
BON	플라밍고 국제공항
BOS	보스턴 로건 국제공항
BOY	보보디울라소 공항
BPX	창두 방다 공항
BQS	이그나티예보 공항
BQT	브레스트 공항
BRE	브레멘 공항
BRI	바리-카롤 보이티와 공항
BRN	베른 공항
BRQ	브르노-트루자니 공항
BRR	바라 공항 (영국)
BRS	브리스틀 공항
BRU	브뤼셀 공항
BSA	벤데르 카심 국제공항
BSB	브라질리아 국제공항
BSG	바타 공항
BSK	비스크라 공항
BSL	유로에어포트
BSZ	마나스 국제공항
BTH	항 나딤 국제공항
BTS	브라티슬라바 공항
BUD	부다페스트 부다페스트 리스트 페렌츠 국제공항
BUF	버팔로 나이아가라 국제공항
BUS	바투미 국제공항
BUZ	부셰르 공항
BVA	보베-티예 공항
BVH	빌례나 공항
BWI	볼티모어 워싱턴 서굿 마셜 국제공항
BWN	브루나이 국제공항
BZE	필립 S. W. 골드슨 국제공항
BZG	비드고슈치 이그나치 얀 파데레프스키 국제공항
CAH	까마우 공항
CAI	카이로 국제공항
CAL	RAF Machrihanish
CAN	광저우 광저우 바이윈 국제공항
CAY	카옌로 샹부 공항
CAZ	코바 공항
CBR	캔버라 국제공항
CCF	카르카손 공항
CCJ	캘리컷 국제공항
CCK	코코스 제도 공항
CCP	카리엘 수르 국제공항
CCS	시몬 볼리바르 국제공항
CCU	네타지수바시 찬드라 보스 국제공항
CDG	파리 샤를드골 파리 샤를 드 골 공항
CDT	카스테욘-코스타아사아르 공항
CEB	세부 막탄 세부 국제공항
CEI	치앙라이 국제공항
CEK	첼랴빈스크 공항
CFN	도니골 공항
CFU	코르푸 국제공항
CGH	콩고냐스 상파울루 공항
CGK	자카르타 수카르노 하타 국제공항
CGN	쾰른 본 공항
CGO	정저우 신정 국제공항
CGP	샤아마나트 국제공항
CGQ	창춘 룽자 국제공항
CHC	크라이스트처치 국제공항
CHQ	카니아 국제공항
CIA	로마 참피노 공항
CIF	츠펑 왕룽 공항
CJJ	청주 청주국제공항
CJM	춤폰 공항
CJU	제주 제주국제공항
CKG	충칭 중경 충칭 장베이 국제공항
CKY	아흐메드 세쿠 투레 국제공항
CLE	클리블랜드 홉킨스 국제공항
CLT	샬롯 더글러스 국제공항
CLY	칼비생트카트린 공항
CMB	반다라나이케 국제공항
CMH	존 글렌 콜럼버스 국제공항
CMN	무함마드 5세 국제공항
CNF	탕크레두 네비스 국제공항
CNS	케언즈 공항
CNX	치앙마이 치앙마이 국제공항
COK	코친 국제공항
COO	카제훈 공항
COR	인헤니에로 아에로나르띠꼬 엠브로시오 L.V. 타라벨라 국제공항
COS	콜로라도스프링스 공항
CPH	코펜하겐 코펜하겐 공항
CPT	케이프타운 국제공항
CRK	디오스다도 마카파갈 국제공항 클라크 공군기지
CRL	브뤼셀 남 샤를루아 공항
CSK	캡 스커링 공항
CSX	창사 황화 국제공항
CTA	카타니아폰타나로사 공항
CTS	삿포로 신치토세 신치토세 공항
CTU	청두 청두 솽류 국제공항
CUF	쿠네오 국제공항
CUN	캉쿤 국제공항
CUR	퀴라소 국제공항
CVG	신시내티/북캔터키 국제공항
CWB	아폰수 페나 국제공항
CWL	카디프 공항
CXB	콕스바자라 공항
CXR	나트랑 깜라인 깜라인 국제공항
CYI	자이 공항 자이 공군기지
DAC	샤잘랄 국제공항
DAD	다낭 다낭 국제공항
DAL	댈러스 러브 필드
DAM	다마스쿠스 국제공항
DAR	줄리어스 니에레레 국제공항
DBV	두브로브니크 공항
DCA	로널드 레이건 워싱턴 내셔널 공항
DCY	다오청 야딩 공항
DDG	단둥 랑터우 공항
DEB	데브레첸 국제공항
DEL	인디라 간디 국제공항
DEN	덴버 국제공항
DFW	댈러스 댈러스 포트워스 국제공항
DIA	도하 국제공항
DIL	프레지젠치 니콜라우 로바투 국제공항
DIN	디엔비엔푸 공항
DJJ	센타니 국제공항
DKR	레오폴 세다르 상고르 국제공항
DLA	두알라 국제공항
DLC	다롄 대련 다롄 저우수이쯔 국제공항
DLI	리엔크엉 국제공항
DLZ	달란자드가드 공항
DME	도모데도보 국제공항
DMK	방콕 돈므앙 돈므앙 국제공항
DMM	킹 파흐드 국제공항
DNH	둔황 공항
DNK	드니프로 국제공항
DOH	도하 뉴도하 국제공항
DPS	발리 덴파사르 응우라라이 공항
DRP	비콜 국제공항
DRS	드레스덴 공항
DRW	다윈 국제공항 다윈 공군 기지
DSN	어얼둬쓰 이진훠뤄 국제공항
DSO	선덕비행장
DSS	블레즈-디아뉴 국제공항
DTM	도르트문트 공항
DTW	디트로이트 메트로폴리탄 웨인 카운티 공항
DUB	더블린 공항
DUD	더니딘 국제공항
DUR	킹 샤카 국제공항
DUS	뒤셀도르프 국제공항
DVO	프란시스코 방고이 국제공항
DWC	알막툼 국제공항
DXB	두바이 두바이 국제공항
DYG	장자제 공항
DYR	우고니 공항
DYU	두샨베 국제공항
DZA	자우지 파만지 국제공항
EAS	산세바스티안 공항
EBA	마리나디캄포 공항
EBB	엔테베 국제공항
EBL	아르빌 국제공항
ECN	에르칸 국제공항
EDI	에든버러 공항
EGS	에이일스타디르 공항
EIN	에인트호번 공항
EIS	테랜스 B. 렛섬 국제공항
EMA	이스트미들랜즈 공항
ENF	에논테키외 공항
EPU	패르누 공항
ERS	빈트후크 에로스 공항
ESB	에센보아 국제공항
EUN	하산 1세 공항
EUX	F. D. 루스벨트 공항
EVN	츠바르트노츠 국제공항
EWR	뉴욕 뉴어크 뉴어크 리버티 국제공항 뉴어크 리버티 국제공항역
EXT	엑서터 공항
EYK	벨로야르스크 공항
EYW	키웨스트 국제공항
EZE	미니스토로 피스타리니 국제공항
FAE	보가르 공항
FAI	페어뱅크스 국제공항
FAO	파루 공항
FAT	프레즈노 요세미티 국제공항
FBM	루붐바시 국제공항
FCO	로마 피우미치노 레오나르도 다 빈치 국제공항
FDF	마르티니크 에메 세제르 국제공항
FIH	은질리 국제공항
FKB	바덴 공항
FKS	후쿠시마 공항
FLL	포트로더데일 할리우드 국제공항
FLR	피렌체 공항
FMM	메밍겐 공항
FMO	뮌스터 오스나브뤼크 국제공항
FNC	마데이라 공항
FNJ	평양 순안 국제공항
FOC	푸저우 창러 국제공항
FRA	프랑크푸르트 프랑크푸르트 공항
FSP	생피에르 공항
FSZ	시즈오카 공항
FTW	포트워스 미첨 국제공항
FUE	푸에르테벤투라 공항
FUJ	후쿠에 공항
FUK	후쿠오카 후쿠오카 공항
FUN	푸나푸티 국제공항
FUO	포산 사디 공항
GAJ	야마가타 공항
GAU	로크프리야 고피나스 보돌로이 국제공항
GAY	가야 공항
GCM	오언 로버츠 국제공항
GDL	과달라하라 미겔 이달고 이 코스티야 국제공항
GDN	그단스크 레흐 바웬사 공항
GDX	소콜 공항
GEG	스포캔 국제공항
GEO	체디 차카 국제공항
GES	제너럴산토스 국제공항
GIB	지브롤터 공항
GIG	리우데자네이루 갈레안 국제공항
GIL	길기트 공항
GIS	기즈번 공항
GLA	글래스고 공항
GME	호멜 공항
GMP	서울 김포 김포공항 김포국제공항
GNJ	간자 국제공항
GOA	제노바 크리스토포로 콜롬보 공항
GOH	누크 공항
GOT	란드베테르 공항
GPA	아락소스 공항
GPS	시모어 공항
GRO	히로나-코스타 브라바 공항
GRQ	엘데 흐로닝언 공항
GRU	상파울루 구아룰류스 국제공항
GRV	그로즈니 국제공항
GRX	그라나다 국제공항
GRY	그림세이 공항
GRZ	그라츠 공항
GUA	라오로라 국제공항
GUM	괌 안토니오 비 원 팻 국제공항
GVA	제네바 국제공항
GYD	헤이다르 알리예프 국제공항
GYE	호세 호아킨데 올메도 국제공항
HAC	하치조지마 공항
HAJ	하노버 공항
HAK	하이커우 메이란 국제공항
HAM	함부르크 공항
HAN	하노이 노이바이 국제공항
HAV	호세 마르티 국제공항
HBA	호바트 국제공항
HBE	보르그엘아랍 국제공항
HDY	핫야이 국제공항
HEA	헤라트 국제공항
HEL	헬싱키 헬싱키 공항
HER	이라클리온 국제공항
HET	후허하오터 바이타 국제공항
HFA	하이파 공항
HFE	허페이 신차오 국제공항
HGA	하르게이사 공항
HGH	항저우 항주 항저우 샤오산 국제공항
HGN	매홍손 공항
HHN	프랑크푸르트 한 공항
HHQ	후아힌 공항
HIJ	히로시마 히로시마 공항
HIN	사천 진주 사천공항
HIR	호니아라 국제공항
HKD	하코다테 공항
HKG	홍콩 홍콩 국제공항
HKT	푸켓 푸껫 국제공항
HLA	란세리아 국제공항
HLE	세인트헬레나 공항
HLP	할림 페르다나쿠수마 국제공항
HLZ	해밀턴 국제공항
HNA	하나마키 공항
HND	도쿄 하네다 도쿄하네다 도쿄 국제공항
HNL	하와이 호놀룰루 호놀룰루 국제공항
HOM	호머 공항
HOU	윌리엄 P. 호비 공항
HPH	캇비 국제공항
HRB	하얼빈 하얼빈 타이핑 국제공항
HRE	로버트 가브리엘 무가베 국제공항
HRG	후르가다 국제공항
HRI	마탈라 라자팍사 국제공항
HSG	사가 공항
HSV	헌츠빌 국제공항
HTN	호탄쿤강 공항
HTS	트라이스테이트 공항
HUI	후에 국제공항
HUN	화롄 공항
HYD	라지브 간디 국제공항
IAD	워싱턴 덜레스 워싱턴 덜레스 국제공항
IAG	나이아가라폴스 국제공항
IAH	조지 부시 인터콘티넨털 공항
IAR	투노시나 공항
IBR	이바라키 공항
IBZ	이비사 공항
ICN	서울 인천 인천국제공항
IEG	지엘로나구라 바비모스트 공항
IFJ	이사피외르뒤르 공항
IFN	이스파한 국제공항
IFO	이바노프란키우스크 국제공항
IGU	포스두이구아수 국제공항
IKA	테헤란 이맘 호메이니 국제공항
IKI	이키 공항
IKT	이르쿠츠크 국제공항
ILO	일로일로 국제공항
IMF	임팔 공항
INC	인촨 허둥 국제공항
IND	인디애나폴리스 국제공항
INN	인스브루크 공항
INU	나우루 국제공항
INV	인버네스 공항
IPC	마타베리 국제공항
IPH	술탄 아즐란 샤 공항
ISB	뉴이슬라마바드 국제공항
ISG	이시가키 이시가키 공항
ISP	롱아일랜드 맥아더 공항
IST	이스탄불 이스탄불 공항
ITH	이타카 톰킨스 국제공항
ITM	오사카 이타미 오사카 국제공항
ITO	힐로 국제공항
IUE	니우에 국제공항
IVL	이발로 공항
IWJ	이와미 공항
IWK	이와쿠니 비행장
IXR	비르사 문다 공항
IXZ	비르 사바르카르 국제공항
IZO	이즈모 공항
JAX	잭슨빌 국제공항
JCL	체스케부데요비체 공항
JED	킹 압둘아지즈 국제공항
JFK	뉴욕 존에프케네디 존 F. 케네디 국제공항
JGS	징강산 공항
JHB	세나이 국제공항
JHG	시솽반나 가사 공항
JIB	지부티-암불리 국제공항
JNB	OR 탐보 국제공항
JRO	킬리만자로 국제공항
JTR	산토리니 국제공항
JUB	주바 국제공항
KBL	카불 국제공항
KBV	끄라비 공항
KCH	쿠칭 국제공항
KCZ	고치 공항
KDH	칸다하르 국제공항
KEF	케플라비크 국제공항
KGD	크라브로와 공항
KGL	키갈리 국제공항
KGS	코스 국제공항
KHE	헤르손 국제공항
KHG	카슈가르 라이닝 국제공항
KHH	가오슝 가오슝 국제공항
KHI	진나 국제공항
KHN	난창 창베이 국제공항
KHV	하바롭스크 공항
KIJ	니가타 공항
KIM	킴벌리 공항
KIN	노먼 맨리 국제공항
KIX	오사카 간사이 오사카간사이 간사이 국제공항
KJA	예밀야노보 공항
KKC	콘깬 공항
KKJ	기타큐슈 공항
KLO	칼리보 보라카이 칼리보 국제공항
KLU	클라겐푸르트 공항
KLV	카를로비바리 공항
KMG	쿤밍 곤명 쿤밍 창슈이 국제공항
KMI	미야자키 미야자키 공항
KMJ	구마모토 구마모토 공항
KMQ	고마쓰 가나자와 고마쓰 공항
KMW	코스트로마 공항
KND	킨두 공항
KNH	진먼 공항
KNO	쿠알라나무 국제공항
KOA	코나 국제공항
KOJ	가고시마 가고시마 공항
KOP	나콘파놈 공항
KOS	시아누크빌 국제공항
KOV	콕셰타우 공항
KPO	포항경주공항
KRK	요한 바오로 2세 크라쿠프 국제공항
KRT	하르툼 국제공항
KSA	코스라에 국제공항
KSC	코시체 국제공항
KTI	테초 국제공항
KTM	트리부반 국제공항
KTT	키틸래 공항
KTW	카토비체 공항
KUA	술탄 하지 아흐마드 샤 공항
KUH	구시로 공항
KUL	쿠알라룸푸르 쿠알라룸푸르 국제공항
KUN	카우나스 공항
KUT	코피트나리 공항
KUV	군산 군산공항 군산 공군기지
KWE	구이양 룽둥바오 국제공항
KWI	쿠웨이트 국제공항
KWJ	광주 광주공항
KWL	구이린 량장 국제공항
KZN	카잔 국제공항
LAD	루안다 콰트루 드 페베레이루 공항
LAN	랜싱 수도권 국제공항
LAO	라오아그 국제공항
LAS	라스베이거스 매캐런 국제공항
LAX	로스앤젤레스 엘에이 로스앤젤레스 국제공항
LBA	리즈 브래드퍼드 국제공항
LBD	후잔트 공항
LBG	파리 르부르제 공항
LCA	라르나카 국제공항
LCG	라코루냐 공항
LCJ	우치 브와디스와프 레이몬트 공항
LCY	런던 시티 공항
LED	풀코보 국제공항
LEI	알메리아 공항
LEJ	라이프치히 할레 공항
LGA	뉴욕 라과디아 라과디아 공항
LGG	리에주 공항
LGK	랑카위 국제공항
LGW	런던 개트윅 런던 개트윅 공항
LHE	알라마 이크발 국제공항
LHR	런던 히드로 런던 히드로 공항
LIL	릴 레캉 공항
LIM	호르헤 차베스 국제공항
LIN	리나테 공항
LIS	리스본 리스본 공항
LJU	류블랴나 요제 푸치니크 공항
LMM	LMM
LNZ	린츠 공항
LOE	르이 공항
LOP	자이누딘 압둘 마지드 국제공항
LOS	무르탈라 모하메드 국제공항
LPA	그란카나리아 공항
LPB	엘알토 국제공항
LPL	리버풀 존 레넌 공항
LPQ	루앙파방 국제공항
LPT	람빵 공항
LSY	리스모어 공항
LTK	라타키아 국제공항
LTN	런던 루턴 공항
LTX	코토팍시 국제공항
LUA	텐징-힐러리 공항
LUG	루가노 공항
LUN	루사카 국제공항
LUX	룩셈부르크 핀델 공항
LUZ	루블린 공항
LWN	귬리 시라크 국제공항
LWO	르비우 다닐로 로마노비치 국제공항
LXA	라싸 공가 공항
LXR	룩소르 국제공항
LYP	파이살라바드 국제공항
LYR	스발바르 공항
LYS	생텍쥐페리 국제공항
LZY	닝치 마인링 공항
MAA	첸나이 국제공항
MAD	마드리드 마드리드 바라하스 국제공항
MAH	메노르카 공항
MAJ	마셜 제도 국제공항
MAN	맨체스터 공항
MAO	에두아르두 고메스 국제공항
MAQ	매솟 공항
MBA	모이 국제공항
MBE	몬베쓰 공항
MCI	캔자스시티 국제공항
MCO	올랜도 국제공항
MCT	무스카트 국제공항
MCX	마하치칼라 우이타시 공항
MCY	선샤인코스트 공항
MDG	무단장 하이랑 공항
MDL	만달레이 국제공항
MDW	시카고 미드웨이 국제공항
MDZ	고바노르 프란시스코 가브리엘리 국제공항
MEB	에센든 공항
MED	프린스 모하메드 빈 압둘아지즈 국제공항
MEL	멜버른 멜버른 공항
MEM	멤피스 국제공항
MEX	멕시코시티 국제공항
MFM	마카오 마카오 국제공항
MGA	아우구스토 C. 산디노 국제공항
MGQ	아덴 아데 국제공항
MGZ	메르귀 공항
MHD	마슈하드 국제공항
MHQ	마리에함 공항
MIA	마이애미 국제공항
MIR	모나스티르 하비브 부르기바 국제공항
MKU	마코쿠 공항
MKZ	믈라카 국제공항
MLA	몰타 국제공항
MLE	말레 국제공항
MLN	멜리야 공항
MMB	메만베쓰 공항
MMD	미나미다이토 공항
MMJ	마쓰모토 공항
MMX	말뫼 공항
MMY	미야코 공항
MNI	존 A. 오스본 공항
MNL	마닐라 니노이 아키노 국제공항
MPH	고도프레도 P. 라모스 공항
MPL	몽펠리에 메디테라네 공항
MPM	마푸투 국제공항
MPN	마운트플레전트 공군기지
MPW	마리우폴 국제공항
MRI	메릴 필드
MRS	마르세유 프로방스 공항
MRU	시우 사구르 람룰람경 국제공항
MRV	미네랄니예보디 공항
MSJ	미사와 비행장 미사와 공항
MSP	미니애폴리스 세인트폴 국제공항
MSQ	민스크 국제공항
MST	마스트리흐트 아헨 공항
MSY	루이 암스트롱 뉴올리언스 국제공항
MTY	몬테레이 국제공항
MUC	뮌헨 뮌헨 국제공항
MUX	물탄 국제공항
MVD	카라사코 국제공항
MVQ	마힐료우 공항
MWX	무안 무안국제공항
MXP	밀라노 말펜사 밀라노 말펜사 공항
MXV	므른 공항
MYJ	마쓰야마 마쓰야마 공항
MYY	미리 공항
MZG	마궁 공항
MZR	마자르이샤리프 국제공항
NAN	난디 난디 국제공항
NAP	나폴리 국제공항
NAS	린든 핀들링 국제공항
NAV	네브셰히르 카파도키아 공항
NAW	나라티왓 공항
NBO	조모 케냐타 국제공항
NBS	백두산 공항
NCE	니스 코트다쥐르 공항
NCL	뉴캐슬 공항
NDG	치치하얼 싼자쯔 공항
NGB	닝보 리서 국제공항
NGO	나고야 주부 중부국제공항 센트레어
NGS	나가사키 공항
NIM	디오리 하마니 국제공항
NJF	알 나자프 국제공항
NKG	난징 남경 난징 루커우 국제공항
NKM	나고야 비행장
NLH	닝랑루구호공항
NLK	노퍽섬 공항
NLU	펠리페 앙헬레스 국제공항
NNG	난닝 우수 국제공항
NNT	난 나콘 공항
NOU	누메아 라 톤투타 국제공항
NQZ	누르술탄 나자르바예프 국제공항
NRN	베체공항
NRT	도쿄 나리타 도쿄나리타 나리타 국제공항
NST	나콘시탐마랏 공항
NTE	낭트 아틀랑티크 공항
NTG	난퉁 싱동 공항
NTL	뉴캐슬 공항
NTQ	노토 공항
NUE	뉘른베르크 공항
NVI	나보이 국제공항
NWI	노리치 공항
NYO	스톡홀름 스카브스타 공항
NYT	네피도 국제공항
OAK	오클랜드 국제공항
OBO	오비히로 공항
OGN	요나구니 공항
OHD	오흐리드 사도 성 바울로 공항
OIM	오시마 공항
OIR	오쿠시리 공항
OIT	오이타 오이타 공항
OKA	오키나와 나하 나하 공항
OKC	윌 로저스 월드 공항
OKD	삿포로 비행장
OKI	오키 공항
OKJ	오카야마 공항
ONJ	오다테 노시로 공항
ONT	온타리오 국제공항
OOL	골드코스트 공항
OPO	프란시스쿠 드 사 카르네이루 공항
ORD	시카고 오헤어 오헤어 국제공항
ORK	코크 공항
ORY	파리 오를리 파리 오를리 공항
OSL	오슬로 오슬로 가르데르모엔 공항
OSR	레오시 야나체크 오스트라바 공항
OTP	헨리 코안더 국제공항
OUA	토마 상카라 와가두구 국제공항
OUL	오울루 공항
OVB	톨마초보 국제공항
OVD	아스투리아스 공항
OXB	오스발도 비에이라 국제공항
PAE	페인 필드
PBC	푸에블라 국제공항
PBH	파로 공항
PBI	팜비치 국제공항
PBM	요한 아돌프 펜겔 국제공항
PDL	요한 바오로 2세 공항
PDX	포틀랜드 국제공항
PED	파르두비체 공항
PEK	베이징 베이징서우두 베이징 서우두 국제공항
PEN	피낭 국제공항
PER	퍼스 공항
PEV	페치 포가니 국제공항
PEW	바드샤 칸 국제공항
PFO	파포스 국제공항
PGA	KPGA
PHE	포트헤들랜드 국제공항
PHF	뉴포트뉴스/윌리엄스버그 국제공항
PHH	포카라 국제공항
PHL	필라델피아 국제공항
PHS	핏사눌록 공항
PHX	피닉스 스카이 하버 국제공항
PHY	펫차분 공항
PIK	글래스고 프레스트윅 공항
PIT	피츠버그 국제공항
PKC	페트로파블롭스크캄차즈키 공항
PKX	베이징 베이징다싱 베이징 다싱 국제공항
PKZ	팍세 국제공항
PLQ	팔랑가 국제공항
PLZ	치프 다위드 스터먼 국제공항
PMI	팔마데마요르카 공항
PMO	팔코네 보르셀리노 공항
PNI	폰페이 국제공항
PNK	수파디오 국제공항
POA	살가두 필류 국제공항
POM	잭슨 국제공항
POR	포리공항
POZ	포즈난 와비차 공항
PPS	푸에르토프린세사 국제공항
PPT	파아아 국제공항
PQC	푸꾸옥 푸꾸옥 국제공항
PRG	프라하 프라하 루지네 국제공항
PRN	프리슈티나 국제공항
PSA	피사 국제공항
PSP	팜스프링스 국제공항
PTP	푸앵타피트르 국제공항
PTY	토쿠멘 국제공항
PUF	포 피레네 공항
PUJ	푼타카나 국제공항
PUS	부산 김해 김해국제공항 김해공군기지
PUY	풀라 공항
PVD	로드아일랜드 T. F. 그린 국제공항
PVG	상하이 상하이푸둥 상하이 푸둥 국제공항
PWM	포틀랜드 국제 제트포트
PXO	포르투산투 공항
PXU	플레이꾸 공항
RAI	프라이아 국제공항
RAK	마라케시메나라 공항
RAR	라로통가 국제공항
RDO	바르샤바 라돔 공항
RDU	롤리 더럼 공항
REN	오렌부르크 첸트랄니 공항
REU	레우스 공항
RFD	시카고 록퍼드 국제공항
RGN	양곤 양곤 국제공항
RGO	청진공항
RHO	로도스 국제공항
RIS	리시리 공항
RIX	리가 국제공항
RJK	리예카 공항
RKT	라스알카이마 국제공항
RKV	레이캬비크 공항
RKZ	시가체 평화 공항
RLG	로스토크-라게 공항
RLK	바얀나오얼 톈지타이 공항
RMF	마르사알람 국제공항
RMI	페데리코 펠리니 국제공항
RMO	키시너우 국제공항
RMQ	타이중 공항
RMU	레히온데무르시아 국제공항
RNO	리노-타호 국제공항
ROI	로이엣 공항
ROP	로타 국제공항
ROR	팔라우 국제공항
ROT	로토루아 국제공항
RSU	여수 여수공항
RSW	사우스웨스트 플로리다 국제공항
RTM	로테르담-헤이그 공항
RUH	킹 칼리드 국제공항
RUN	롤랑 가로 공항
RZE	제슈프 야시온카 공항
SAB	후안초 E. 이라우스퀸 공항
SAH	사나 국제공항
SAI	시엠립 앙코르 국제공항
SAL	엘살바도르 국제공항
SAN	샌디에이고 샌디에고 국제공항
SAP	라몬 비예다 모랄레스 국제공항
SAT	샌안토니오 국제공항
SAW	사비하 괵첸 국제공항
SBH	구스타프 III 공항
SCC	데드호스 공항
SCL	코모도로 아르투로 메리노 베니테스 국제공항
SCN	자르브뤼켄 공항
SCO	악타우 국제공항
SCQ	산티아고 로살리아 데 카스트로 공항
SDF	루이빌 국제공항
SDJ	센다이 센다이 공항
SDK	산다칸 공항
SDQ	라스아메리카스 국제공항
SDR	산탄데르 공항
SDS	사도 공항
SDU	리우데자네이루 산투스 두몬트 공항
SEA	시애틀 시애틀 터코마 국제공항
SEN	런던 사우스엔드 공항
SEZ	세이셸 국제공항
SFB	올랜도샌퍼드 국제공항
SFO	샌프란시스코 샌프란시스코 국제공항
SGN	호치민 사이공 떤선녓 국제공항 떤선녓 공군기지
SHA	상하이 훙차오 상하이 훙차오 국제공항
SHB	나카시베쓰 공항
SHE	선양 심양 선양 타오셴 국제공항
SHI	시모지시마 공항
SHJ	샤르자 국제공항
SHM	난키시라하마 공항
SHO	음스와티 3세 국제공항
SID	아밀카르 카브랄 국제공항
SIN	싱가포르 싱가포르 창이 국제공항
SIP	심페로폴 국제공항
SJC	산호세 국제공항
SJD	로스카보스 국제공항
SJJ	사라예보 국제공항(SJJ)
SJO	후안 산타마리아 국제공항
SJU	루이스 무뇨스 마린 국제공항
SJW	스자좡 정딩 국제공항
SKD	사마르칸트 국제공항
SKG	테살로니키 공항
SKP	스코페 국제공항
SKT	시알코트 국제공항
SLC	솔트레이크시티 국제공항
SLL	살랄라 공항
SLM	살라망카 공항
SMF	새크라멘토 국제공항
SNA	존 웨인 공항
SNN	섀넌 공항
SNO	사콘나콘 공항
SOB	헤비츠-벌러톤 공항
SOF	소피아 공항
SPC	라팔마 공항
SPN	사이판 사이판 국제공항
SPU	스플리트 공항
SSG	말라보 국제공항
SSH	샤름엘셰이크 국제공항
STL	세인트루이스 램버트 국제공항
STN	런던 스탠스테드 공항
STR	슈투트가르트 공항
STT	시릴 E. 킹 공항
STX	헨리 E. 롤센 공항
SUB	주안다 국제공항
SUF	라메치아 테르메 국제공항
SUV	나우소리 국제공항
SVO	셰레메티예보 국제공항
SVQ	세비야 공항
SVX	콜초보 공항
SWA	제양 차오산 국제공항
SWF	스튜어트 국제공항
SXB	스트라스부르 공항
SXM	프린세스 줄리아나 국제공항
SYD	시드니 시드니 공항
SYO	쇼나이 공항
SYR	시러큐스 핸콕 국제공항
SYX	싼야 펑황 국제공항
SYZ	시라즈 국제공항
SZB	술탄 압둘 아지줄샤 공항
SZG	잘츠부르크 공항
SZX	선전 선전 바오안 국제공항
SZY	올슈틴 마주리 공항
SZZ	슈체친 골레니우프 공항
TAE	대구 대구국제공항
TAG	보홀 팡라오 국제공항 타그빌라란 공항
TAK	다카마쓰 다카마쓰 공항
TAO	칭다오 칭다오 류팅 국제공항 칭다오 자오둥 국제공항
TAS	타슈켄트 국제공항
TAT	포프라트-타트리 공항
TBB	동탁 공항
TBS	트빌리시 국제공항
TBU	푸아모투 국제공항
TBZ	타브리즈 국제공항
TCP	타바 국제공항
TDX	뜨랏 공항
TFN	로스로데오스 공항
TFS	테네리페 수르 공항
TFU	청두 톈푸 국제공항
TGD	포드고리차 공항
TGU	톤콘틴 국제공항
THE	테레시나 공항
THN	트롤헤탄-베네슈보리 공항
THR	테헤란 메흐라바드 공항
THS	수코타이 공항
THU	툴레 공군기지
TIA	너너테레사 티라나 국제공항
TIJ	티후아나 국제공항
TIQ	티니안 국제공항
TIV	티밧 공항
TJH	다지마 비행장
TKK	추크 국제공항
TKN	도쿠노시마 공항
TKS	도쿠시마 공항
TKU	투르쿠 공항
TLL	탈린 공항
TLS	툴루즈 블라냑 공항
TLV	벤구리온 국제공항
TMP	탐페레-피르칼라 공항
TMR	아그나르 하지 베이 아크하목 공항
TMS	상투메 국제공항
TNA	지난 야오창 공항
TNN	타이난 공항
TNR	이바토 공항
TOF	보가쇼보 공항
TOS	트롬쇠 공항
TOY	도야마 도야마 공항
TPA	탬파 국제공항
TPE	타이베이 타오위안 타이완 타오위안 국제공항
TRD	트론헤임 국제공항
TRF	토르프 사네피오르 공항
TRN	토리노 공항
TRV	트리반드룸 국제공항
TRW	본리키 국제공항
TRZ	티루치라팔리 국제공항
TSA	타이베이 쑹산 타이베이 쑹산 공항
TSF	트레비소 공항
TSJ	쓰시마 공항
TSN	톈진 천진 톈진 빈하이 국제공항
TSR	트라이안부이아 국제공항
TST	뜨랑 공항
TTJ	돗토리 공항
TTT	타이둥 공항
TUF	투르 발 드 루아르 공항
TUN	튀니스 카르타고 국제공항
TXN	황산 툰시 국제공항
TZX	트라브존 공항
UBJ	야마구치 우베 공항
UBN	칭기즈 칸 국제공항
UBP	우본랏차타니 공항
UET	퀘타 국제공항
UFA	우파 국제공항 우파
UIH	푸깟 공항
UIO	마리스칼 수크레 국제공항
UKB	고베 공항
UNN	라농 공항
URC	우루무치 디워푸 국제공항
URT	수랏타니 국제공항
USM	사무이 공항
USN	울산 울산공항
UTH	우돈타니 국제공항
UTP	우타파오 국제공항
UUD	바이칼 국제공항
UUS	유즈노사할린스크 공항
VAR	바르나 공항
VCA	껀터 국제공항
VCE	베네치아 마르코 폴로 국제공항
VCP	비라코푸스 캄피나스 국제공항
VCS	꼰다오 공항
VDH	동허이 공항
VDO	번돈 국제공항
VFA	빅토리아 폴스 공항
VIE	빈 비엔나 빈 국제공항
VII	빈 국제공항
VIT	비토리아 공항
VKG	락자 공항
VKO	브누코보 국제공항
VLC	발렌시아 공항
VLI	포트빌라 바우어필드 국제공항
VLL	바야돌리드 공항
VNO	빌뉴스 공항
VPN	보프나피외르뒤르 공항
VRN	베로나 빌라프란카 공항
VST	스톡홀름 바스테라스 공항
VTE	왓따이 국제공항
VVI	비루비루 국제공항
VVO	블라디보스토크 국제공항
WAW	바르샤바 바르샤바 쇼팽 공항
WDH	빈트후크 호세아 쿠타코 국제공항
WEH	웨이하이 위해 웨이하이 공항
WJU	원주 원주공항
WKJ	왓카나이 공항
WLG	웰링턴 국제공항
WMI	바르샤바 모들린 공항
WOS	갈마비행장
WRO	브로츠와프-코페르니쿠스 공항
WSI	웨스턴 시드니 공항
WUH	우한 톈허 국제공항
XCH	크리스마스섬 공항
XIY	시안 시안 셴양 국제공항
XMN	샤먼 하문 샤먼 가오치 국제공항
XNN	시닝 차오자바오 공항
XRY	헤레스 공항
XSP	셀레타르 공항
YAP	야프 국제공항
YCU	윈청 관공 공항
YEG	에드먼턴 국제공항
YGJ	미호 비행장
YHM	존 C. 먼로 해밀턴 국제공항
YHZ	핼리팩스 스탠필드 국제공항
YIA	욕야카르타 국제공항
YKS	야쿠츠크 공항
YLW	켈로나 국제공항
YMM	포트 맥머레이 국제공항
YMX	몬트리올 미라벨 국제공항
YNJ	옌지 차오양촨 공항
YNT	옌타이 연대 옌타이 펑라이 국제공항
YNY	양양 양양국제공항
YOL	욜라 공항
YOW	오타와 맥도널드 카르티에 국제공항
YQB	퀘벡 시티 진 리사지 국제공항
YQG	윈저 공항
YQR	리자이나 국제공항
YQT	선더베이 국제공항
YQX	간더 국제공항
YTY	양저우 타이저우 공항
YTZ	빌리 비숍 토론토 시티 공항
YUL	몬트리올 피에르 엘리오트 트뤼도 국제공항
YVR	밴쿠버 밴쿠버 국제공항
YWG	위니펙 제임스 암스트롱 리처드슨 국제공항
YXE	새스커툰 존 G. 디펜베이커 국제공항
YXU	런던 국제공항
YXX	애버츠퍼드 국제 공항
YYC	캘거리 국제공항
YYJ	빅토리아 국제공항
YYT	세인트존스 국제공항
YYZ	토론토 토론토 피어슨 국제공항
ZAD	자다르 공항
ZAG	자그레브 국제공항
ZAH	자헤단 공항
ZAM	삼보앙가 국제공항
ZAZ	사라고사 공항
ZHA	잔장 공항
ZIA	주콥스키 국제공항
ZIH	익스타파-지와타네호 국제공항
ZNZ	아베이드 아마니 카루메 국제공항
ZQN	퀸스타운 공항
ZRH	취리히 취리히 공항
ZSE	피에르퐁 공항
ZYL	오스마니 국제공항
